{
    "array": [
        {
            "worldToLocalMatrix": {
                "c0": {
                    "x": 0.0833333358168602,
                    "y": 0.0,
                    "z": 0.0,
                    "w": 0.0
                },
                "c1": {
                    "x": 0.0,
                    "y": 0.0833333358168602,
                    "z": 0.0,
                    "w": 0.0
                },
                "c2": {
                    "x": 0.0,
                    "y": 0.0,
                    "z": 0.0833333358168602,
                    "w": 0.0
                },
                "c3": {
                    "x": 0.3333333432674408,
                    "y": 0.1666666716337204,
                    "z": -1.0833333730697632,
                    "w": 1.0
                }
            },
            "localToWorldMatrix": {
                "c0": {
                    "x": 12.0,
                    "y": 0.0,
                    "z": 0.0,
                    "w": 0.0
                },
                "c1": {
                    "x": 0.0,
                    "y": 12.0,
                    "z": 0.0,
                    "w": 0.0
                },
                "c2": {
                    "x": 0.0,
                    "y": 0.0,
                    "z": 12.0,
                    "w": 0.0
                },
                "c3": {
                    "x": -4.0,
                    "y": -2.0,
                    "z": 13.0,
                    "w": 1.0
                }
            },
            "materialIndex": 1,
            "bvStartIndex": 1895,
            "maxDepthBVH": 18,
            "areaApprox": 422.6760559082031,
            "min": {
                "x": -6.491824150085449,
                "y": -5.395411968231201,
                "z": 7.326567649841309
            },
            "max": {
                "x": -1.107759952545166,
                "y": 3.0485081672668459,
                "z": 19.322200775146486
            }
        },
        {
            "worldToLocalMatrix": {
                "c0": {
                    "x": -0.49240392446517947,
                    "y": 0.0,
                    "z": -0.08682411164045334,
                    "w": 0.0
                },
                "c1": {
                    "x": 0.0,
                    "y": 0.5,
                    "z": 0.0,
                    "w": 0.0
                },
                "c2": {
                    "x": 0.08682411164045334,
                    "y": 0.0,
                    "z": -0.49240392446517947,
                    "w": 0.0
                },
                "c3": {
                    "x": -1.0214301347732545,
                    "y": -2.200000047683716,
                    "z": 7.232509613037109,
                    "w": 1.0
                }
            },
            "localToWorldMatrix": {
                "c0": {
                    "x": -1.9696153402328492,
                    "y": 0.0,
                    "z": 0.3472963571548462,
                    "w": 0.0
                },
                "c1": {
                    "x": 0.0,
                    "y": 2.0,
                    "z": 0.0,
                    "w": 0.0
                },
                "c2": {
                    "x": -0.3472963571548462,
                    "y": 0.0,
                    "z": -1.9696152210235596,
                    "w": 0.0
                },
                "c3": {
                    "x": 0.4999998211860657,
                    "y": 4.400000095367432,
                    "z": 14.600000381469727,
                    "w": 1.0
                }
            },
            "materialIndex": 2,
            "bvStartIndex": 0,
            "maxDepthBVH": 14,
            "areaApprox": 132.41831970214845,
            "min": {
                "x": -2.488579273223877,
                "y": 2.4312500953674318,
                "z": 12.447929382324219
            },
            "max": {
                "x": 3.4885787963867189,
                "y": 6.368750095367432,
                "z": 16.752071380615236
            }
        }
    ]
}