{
    "array": [
        {
            "localToWorldMatrix": {
                "c0": {
                    "x": -1.9696153402328492,
                    "y": 0.0,
                    "z": 0.3472963571548462,
                    "w": 0.0
                },
                "c1": {
                    "x": 0.0,
                    "y": 2.0,
                    "z": 0.0,
                    "w": 0.0
                },
                "c2": {
                    "x": -0.3472963571548462,
                    "y": 0.0,
                    "z": -1.9696152210235596,
                    "w": 0.0
                },
                "c3": {
                    "x": 0.4999998211860657,
                    "y": 4.400000095367432,
                    "z": 14.600000381469727,
                    "w": 1.0
                }
            },
            "areaApprox": 132.41831970214845,
            "brightness": 50000.0,
            "triStart": 0,
            "totTris": 968
        }
    ]
}